City_ID,City,Lat,Lng,Max Temp,Humidity,Cloudiness,Wind Speed,Country,Date
0,wladyslawowo,54.7909,18.4009,11.75,81,1,3.29,PL,1686003420
1,laojunmiao,39.8333,97.7333,11.23,49,4,1.31,CN,1686003595
2,port mathurin,-19.6833,63.4167,24.59,74,10,9.82,MU,1686003099
3,waitangi,-43.9535,-176.5597,10.46,84,100,0.45,NZ,1686003098
4,rogozno,52.7523,16.9905,16.12,65,100,3.4,PL,1686003596
5,albany,42.6001,-73.9662,21.43,45,100,3.07,US,1686003101
6,hamilton,39.1834,-84.5333,27.92,33,0,5.14,US,1686002973
7,vilyuchinsk,52.9306,158.4028,9.03,92,100,1.36,RU,1686003104
8,puerto baquerizo moreno,-0.9,-89.6,27.55,78,40,5.14,EC,1686003596
9,elmina,5.0898,-1.348,26.22,85,100,4.11,GH,1686003596
10,hithadhoo,-0.6,73.0833,27.9,75,96,1.72,MV,1686003109
11,tarauaca,-8.1614,-70.7656,25.11,93,19,0.78,BR,1686003110
12,salaqi,40.5414,110.5108,17.64,39,2,1.37,CN,1686003596
13,magog,45.2668,-72.1491,21.24,34,100,2.06,CA,1686003596
14,prado,-17.3411,-39.2208,22.08,73,4,2.74,BR,1686003134
15,edinburgh of the seven seas,-37.0676,-12.3116,12.27,80,100,11.92,SH,1686003110
16,papatowai,-46.5619,169.4708,7.37,78,22,1.76,NZ,1686003099
17,novyy urgal,51.0736,132.5642,12.51,81,37,1.17,RU,1686003597
18,port elizabeth,-33.918,25.5701,9.16,81,0,1.54,ZA,1686003101
19,axim,4.8699,-2.2405,25.98,87,98,3.23,GH,1686003597
20,longyearbyen,78.2186,15.6401,2.91,70,20,6.17,SJ,1686003131
21,lihue,21.9789,-159.3672,27.58,69,0,3.6,US,1686003122
22,blackmans bay,-43.0167,147.3167,7.51,88,85,4.44,AU,1686003104
23,saipan,15.1355,145.701,28.39,100,0,8.23,MP,1686003111
24,port-aux-francais,-49.35,70.2167,3.29,65,46,17.18,TF,1686003099
25,pangody,65.85,74.4859,10.9,89,20,6.88,RU,1686003597
26,iqaluit,63.7506,-68.5145,2.85,75,75,1.79,CA,1686003102
27,taro,-8.3862,115.28,22.0,95,66,0.72,ID,1686003597
28,rongelap,11.1635,166.8941,27.75,80,75,7.08,MH,1686003598
29,kurlovo,55.4325,40.4854,7.82,95,7,1.75,RU,1686003598
30,suva,-18.1416,178.4415,23.71,94,75,1.03,FJ,1686003598
31,koraput,18.8167,82.7167,26.04,47,100,1.34,IN,1686003598
32,kolonia,50.9333,6.95,19.36,54,0,0.51,DE,1686002953
33,ribeira grande,38.5167,-28.7,18.21,91,100,5.36,PT,1686003113
34,tolanaro,-25.0319,46.9987,20.11,90,0,4.18,MG,1686003126
35,talnakh,69.4865,88.3972,8.45,67,100,4.1,RU,1686003131
36,tarinkot,32.6268,65.8733,23.12,20,0,1.14,AF,1686003598
37,saldanha,-33.0117,17.9442,7.03,66,13,2.65,ZA,1686003123
38,coyhaique,-45.5752,-72.0662,7.97,76,75,4.12,CL,1686003598
39,jijiga,9.35,42.8,18.63,79,53,2.79,ET,1686003598
40,santa maria,-29.6842,-53.8069,17.02,89,94,2.27,BR,1686003599
41,port douglas,-16.4833,145.4667,23.28,87,55,5.61,AU,1686003599
42,adamstown,-25.066,-130.1015,20.71,59,70,9.25,PN,1686003098
43,newman,37.3138,-121.0208,31.8,25,81,2.67,US,1686003139
44,aasiaat,68.7098,-52.8699,-0.27,79,93,4.92,GL,1686003114
45,northam,51.0333,-4.2167,13.67,74,0,3.23,GB,1686003124
46,imbituba,-28.24,-48.6703,18.75,83,84,4.48,BR,1686003123
47,kristinestad,62.2743,21.376,7.28,72,77,4.37,FI,1686003599
48,awjilah,29.1081,21.2869,31.36,23,89,11.9,LY,1686003599
49,antalaha,-14.9003,50.2788,22.84,83,57,3.34,MG,1686003153
50,iskateley,67.6803,53.1512,4.25,75,99,10.67,RU,1686003105
51,bethel,41.3712,-73.414,23.05,48,40,2.57,US,1686003098
52,obudu,6.6674,9.1716,23.71,94,100,2.58,NG,1686003600
53,grytviken,-54.2811,-36.5092,2.39,96,100,2.13,GS,1686003099
54,cluses,46.0625,6.575,17.44,83,1,1.94,FR,1686003600
55,kodiak,57.79,-152.4072,6.73,100,100,9.77,US,1686003107
56,mwinilunga,-11.7358,24.4293,18.89,42,85,1.68,ZM,1686003600
57,ushuaia,-54.8,-68.3,2.81,87,0,2.06,AR,1686003047
58,mil'kovo,55.6078,37.7956,9.73,83,18,2.47,RU,1686003600
59,thompson,55.7435,-97.8558,25.09,57,75,2.06,CA,1686003109
60,saint-martin-des-champs,48.5833,-3.8333,13.77,92,1,5.15,FR,1686003600
61,peterhead,57.5058,-1.7981,10.22,80,11,2.36,GB,1686003600
62,suez,29.9737,32.5263,20.15,64,2,4.53,EG,1686003601
63,punta arenas,-53.15,-70.9167,3.06,93,0,3.6,CL,1686002971
64,chom thong,18.4174,98.6743,27.14,92,100,1.03,TH,1686003601
65,sinabang,2.4803,96.3801,26.38,81,100,0.59,ID,1686003117
66,west island,-12.1568,96.8225,24.99,88,75,5.14,CC,1686003109
67,margaret river,-33.95,115.0667,10.5,72,100,8.88,AU,1686003114
68,fort st. john,56.2499,-120.8529,15.94,29,75,4.63,CA,1686003110
69,kulhudhuffushi,6.6221,73.07,27.51,80,100,4.43,MV,1686003601
70,derzhavinsk,51.1,66.3167,24.53,25,0,2.93,KZ,1686003601
71,qaqortoq,60.7167,-46.0333,3.7,78,91,1.62,GL,1686002885
72,howard springs,-12.497,131.047,22.95,85,48,1.49,AU,1686003100
73,alice springs,-23.7,133.8833,15.75,67,23,0.0,AU,1686003064
74,ormara,25.2088,64.6357,29.01,84,62,6.84,PK,1686003602
75,puerto aysen,-45.4,-72.7,7.26,97,100,3.44,CL,1686003602
76,tokar,18.4254,37.729,31.02,62,14,2.55,SD,1686003602
77,ilulissat,69.2167,-51.1,-0.99,86,75,5.66,GL,1686003122
78,flying fish cove,-10.4217,105.6791,24.82,73,100,4.12,CX,1686003602
79,kununurra,-15.7667,128.7333,15.99,94,51,0.51,AU,1686003113
80,kapuskasing,49.4169,-82.4331,17.05,45,20,6.17,CA,1686003107
81,puerto natales,-51.7236,-72.4875,1.48,91,32,2.13,CL,1686003098
82,san rafael,-34.6177,-68.3301,15.94,43,74,4.91,AR,1686003603
83,pudozh,61.8099,36.5345,5.82,87,70,2.3,RU,1686003603
84,plainview,40.7765,-73.4673,23.88,48,75,1.54,US,1686003603
85,cururupu,-1.8283,-44.8683,24.47,90,9,1.51,BR,1686003603
86,biloela,-24.4167,150.5,18.55,70,16,6.5,AU,1686003603
87,cabo san lucas,22.8909,-109.9124,33.61,30,0,6.17,MX,1686003144
88,kilju,40.9642,129.3278,19.87,52,7,1.9,KP,1686003603
89,xinyi,22.373,110.9475,24.73,91,23,1.87,CN,1686003603
90,verkhnevilyuysk,63.4453,120.3167,7.4,68,51,2.46,RU,1686003604
91,enriquillo,17.9,-71.2333,30.82,77,11,3.2,DO,1686003604
92,codrington,-38.2667,141.9667,14.62,82,45,6.3,AU,1686003138
93,camocim,-2.9022,-40.8411,26.13,83,44,5.09,BR,1686003604
94,midland,31.9974,-102.0779,28.51,41,40,4.63,US,1686003604
95,sitka,57.0531,-135.33,9.94,76,100,2.57,US,1686003129
96,morehead city,34.7229,-76.726,24.45,68,0,4.63,US,1686003159
97,reggane,26.7158,0.1714,32.96,13,2,4.12,DZ,1686003116
98,ocean shores,46.9737,-124.1563,22.94,65,0,5.66,US,1686003604
99,al mijlad,11.0333,27.7333,28.2,58,100,3.25,SD,1686003604
100,am timan,11.0297,20.2827,28.93,62,100,5.04,TD,1686003604
101,buchanan,5.8808,-10.0467,24.53,95,100,2.62,LR,1686003605
102,hawaiian paradise park,19.5933,-154.9731,27.73,73,0,5.14,US,1686003108
103,bilibino,68.0546,166.4372,10.63,58,100,1.61,RU,1686003098
104,saint-philippe,-21.3585,55.7679,21.77,87,43,6.03,RE,1686003010
105,kayangel,8.0823,134.7173,28.57,79,90,7.58,PW,1686003605
106,wailua homesteads,22.0669,-159.378,27.24,75,0,3.6,US,1686003106
107,chonchi,-42.6128,-73.8092,10.56,85,100,4.45,CL,1686003115
108,gereida,11.2811,25.1414,28.87,58,98,3.58,SD,1686003605
109,tchibanga,-2.85,11.0333,21.11,97,62,0.98,GA,1686003605
110,broome,42.2506,-75.833,22.27,36,0,5.66,US,1686003153
111,katsuura,35.1333,140.3,21.64,83,100,5.23,JP,1686003114
112,nampula,-15.1165,39.2666,17.55,95,0,1.56,MZ,1686003605
113,pandan,14.0453,124.1694,27.02,87,100,2.94,PH,1686003137
114,invercargill,-46.4,168.35,4.32,90,33,1.71,NZ,1686003113
115,madalena,41.2162,-8.3345,20.3,79,78,0.98,PT,1686003606
116,myanaung,18.2833,95.3167,26.84,83,100,2.52,MM,1686003606
117,belmonte,-15.8631,-38.8828,22.86,72,0,3.41,BR,1686003152
118,puerto gaitan,4.3133,-72.0816,27.33,80,91,2.37,CO,1686003606
119,arhribs,36.7936,4.3116,15.55,92,24,1.97,DZ,1686003606
120,alvaraes,-3.2208,-64.8042,24.93,95,43,1.11,BR,1686003606
121,selfoss,63.9331,-20.9971,7.25,72,28,4.05,IS,1686003606
122,colchani,-20.3,-66.9333,4.13,32,0,0.66,BO,1686003606
123,udachny,66.4167,112.4,1.36,80,92,6.65,RU,1686002978
124,indramayu,-6.3264,108.32,25.47,81,100,2.46,ID,1686003137
125,yellowknife,62.456,-114.3525,21.29,56,75,2.57,CA,1686003102
126,tura,25.5198,90.2201,25.65,52,0,1.87,IN,1686003113
127,myski,53.709,87.8014,16.28,83,5,1.28,RU,1686003541
128,gadzhiyevo,69.2551,33.3362,2.36,97,100,9.71,RU,1686003104
129,shirdi,19.7667,74.4833,26.72,68,15,7.37,IN,1686003607
130,desna,50.9273,30.7605,15.48,59,70,2.02,UA,1686003607
131,thunder bay,48.4001,-89.3168,19.99,64,75,5.66,CA,1686003099
132,sur,22.5667,59.5289,33.05,45,25,5.67,OM,1686003111
133,qui nhon,13.7667,109.2333,26.01,83,99,2.21,VN,1686003154
134,guaratinga,-16.5667,-39.5667,18.54,80,16,1.37,BR,1686003608
135,katima mulilo,-17.5,24.2667,18.27,38,0,3.05,NA,1686003608
136,minas de marcona,-15.2119,-75.1103,16.25,70,1,5.23,PE,1686003608
137,woodland park,40.8898,-74.1949,23.57,42,100,3.09,US,1686003608
138,okola,4.0167,11.3833,20.96,99,96,1.33,CM,1686003608
139,keflavik,64.0049,-22.5624,7.24,81,75,4.12,IS,1686003160
140,yangambi,0.8102,24.4336,19.69,99,90,0.9,CD,1686003608
141,tubarjal,30.4999,38.216,26.08,28,36,6.99,SA,1686003608
142,nikolayevsk-on-amure,53.1406,140.73,17.21,54,100,1.21,RU,1686003157
143,lata,40.1629,-8.3327,19.4,84,84,0.83,PT,1686003609
144,walvis bay,-22.9575,14.5053,11.72,78,0,1.69,NA,1686003609
145,georgetown,5.4112,100.3354,27.96,74,40,1.03,MY,1686003097
146,quiberon,47.4841,-3.1196,18.37,74,100,3.13,FR,1686003334
147,minas de barroteran,27.6333,-101.2833,31.79,37,32,3.94,MX,1686003609
148,constantia,44.1833,28.65,12.61,62,12,4.25,RO,1686002903
149,tralee,52.2704,-9.7026,13.52,81,48,1.0,IE,1686003107
150,kismayo,-0.3582,42.5454,26.19,82,34,6.44,SO,1686003609
151,netrakona,24.8833,90.7167,28.4,51,0,1.95,BD,1686003609
152,bredasdorp,-34.5322,20.0403,9.13,76,70,1.34,ZA,1686003110
153,sola,-13.8833,167.55,26.45,79,100,9.45,VU,1686003136
154,susuman,62.7833,148.1667,13.24,41,15,4.1,RU,1686003047
155,mato verde,-15.3972,-42.8664,20.39,33,0,1.81,BR,1686003610
156,garoua boulai,5.8833,14.55,18.1,98,85,1.71,CM,1686003610
157,harper,4.375,-7.7169,25.67,87,100,3.75,LR,1686003610
158,beinamar,8.6698,15.3813,24.59,80,81,1.65,TD,1686003610
159,ust-nera,64.5667,143.2,14.81,40,48,2.13,RU,1686003116
160,tiksi,71.6872,128.8694,1.59,95,100,1.34,RU,1686002991
161,aripuana,-9.1667,-60.6333,27.18,69,96,0.61,BR,1686003610
162,port saint john's,-31.6229,29.5448,15.07,55,97,2.08,ZA,1686003610
163,nadym,65.5333,72.5167,9.84,83,0,4.81,RU,1686003610
164,anadyr,64.75,177.4833,5.28,93,100,7.0,RU,1686003122
165,nemuro,43.3236,145.575,10.28,82,0,0.58,JP,1686003106
166,hammerfest,70.6634,23.6821,3.25,75,75,7.2,NO,1686003154
167,altai,46.3722,96.2583,10.77,51,37,1.96,MN,1686003611
168,tashtagol,52.7657,87.8894,15.41,86,17,1.31,RU,1686003611
169,villa ojo de agua,-29.5,-63.6938,12.44,83,94,3.46,AR,1686003158
170,fale old settlement,-9.3852,-171.2468,28.46,75,11,4.99,TK,1686003125
171,kashgar,39.4547,75.9797,20.56,32,20,4.0,CN,1686003611
172,arraial do cabo,-22.9661,-42.0278,21.77,77,0,3.21,BR,1686003108
173,rio grande,-32.035,-52.0986,13.06,71,100,1.87,BR,1686003611
174,saint-lo,49.1162,-1.0903,12.24,97,4,4.49,FR,1686003611
175,namtsy,62.7161,129.6658,12.1,55,20,4.79,RU,1686003611
176,taltal,-25.4,-70.4833,16.37,83,24,1.12,CL,1686003118
177,toliara,-23.35,43.6667,21.95,69,0,1.99,MG,1686003611
178,san andres,12.5847,-81.7006,28.01,78,75,2.57,CO,1686003140
179,lebu,-37.6167,-73.65,12.97,90,98,3.87,CL,1686003119
180,alofi,-19.0595,-169.9187,25.94,73,75,6.69,NU,1686003111
181,howrah,22.5892,88.3103,30.0,84,20,1.54,IN,1686003107
182,aykhal,66.0,111.5,0.56,93,98,7.11,RU,1686003155
183,sinop,41.7711,34.8709,12.95,98,100,1.41,TR,1686002957
184,badger,64.8,-147.5333,22.78,30,40,3.6,US,1686003109
185,college,64.8569,-147.8028,22.83,29,40,3.6,US,1686003126
186,lompoc,34.6391,-120.4579,19.88,80,100,5.66,US,1686003146
187,christchurch,-43.5333,172.6333,8.56,90,100,4.12,NZ,1686003612
188,puerto ayora,-0.7393,-90.3518,27.98,92,94,2.68,EC,1686003104
189,bardai,11.65,7.2333,28.85,53,79,4.75,NG,1686003141
190,mossel bay,-34.1831,22.146,8.96,65,94,2.72,ZA,1686003139
191,olonkinbyen,70.9221,-8.7187,-0.1,83,63,3.43,SJ,1686003099
192,fort bragg,35.139,-79.006,27.47,48,40,2.57,US,1686003098
193,sittwe,20.15,92.9,26.05,84,96,1.77,MM,1686003612
194,arys,42.4252,68.795,23.77,15,3,2.17,KZ,1686003612
195,pahrump,36.2083,-115.9839,34.58,11,41,4.92,US,1686003613
196,isafjordur,66.0755,-23.124,5.5,91,100,1.99,IS,1686002929
197,hung yen,20.65,106.0667,26.06,89,100,1.14,VN,1686003613
198,tual,-5.6667,132.75,27.17,81,50,7.39,ID,1686003150
199,magadan,59.5667,150.8,10.85,63,68,1.78,RU,1686003613
200,sault ste. marie,46.5168,-84.3333,26.16,47,40,4.63,CA,1686003143
201,vilyuysk,63.7553,121.6247,6.71,72,100,2.84,RU,1686003100
202,sidi okba,34.7451,5.8983,27.16,54,40,5.66,DZ,1686003613
203,yuzhno-kurilsk,44.0306,145.8556,11.77,74,33,0.89,RU,1686003042
204,hinthada,17.6333,95.4667,26.58,85,93,1.49,MM,1686003510
205,novaya ladoga,60.1025,32.3019,9.63,77,89,4.8,RU,1686003613
206,quatre cocos,-20.2078,57.7625,24.06,78,35,7.18,MU,1686003613
207,eyl,7.9803,49.8164,27.41,81,98,9.41,SO,1686003614
208,prince rupert,54.3161,-130.3201,11.05,75,100,2.06,CA,1686003614
209,tanout,14.9709,8.8879,33.27,32,100,5.21,NE,1686003614
210,benguela,-12.5763,13.4055,20.83,91,14,0.69,AO,1686003137
211,tefe,-3.3542,-64.7114,25.06,94,75,2.06,BR,1686003614
212,ketchikan,55.3422,-131.6461,12.26,58,100,2.57,US,1686003124
213,avarua,-21.2078,-159.775,24.03,57,20,2.57,CK,1686003100
214,las palmas,28.4204,-14.0131,20.44,78,20,1.54,ES,1686003614
215,la passe,45.5549,-0.8967,21.13,67,8,3.57,FR,1686003157
216,srikakulam,18.3,83.9,28.76,68,94,1.8,IN,1686003614
217,yinchuan,38.4681,106.2731,21.53,20,99,1.08,CN,1686003615
218,weno,7.4515,151.8468,28.97,84,100,3.09,FM,1686003132
219,klyuchi,52.2667,79.1667,21.73,57,3,3.29,RU,1686003107
220,enewetak,11.3474,162.3373,27.81,80,86,4.36,MH,1686003105
221,itoman,26.1247,127.6694,26.01,83,75,6.69,JP,1686003615
222,rocha,-34.4833,-54.3333,8.35,85,75,0.82,UY,1686003615
223,salalah,17.0151,54.0924,30.05,79,75,2.06,OM,1686003152
224,mount isa,-20.7333,139.5,11.87,94,1,0.0,AU,1686003141
225,hede,33.7681,120.2517,16.41,90,56,1.56,CN,1686003615
226,assab,13.0092,42.7394,31.22,72,34,1.34,ER,1686003615
227,crane,31.3974,-102.3501,27.64,36,72,5.57,US,1686003615
228,bontang,0.1333,117.5,24.37,91,55,2.05,ID,1686003615
229,port lincoln,-34.7333,135.8667,14.83,68,0,7.34,AU,1686003121
230,inarajan village,13.2736,144.7484,28.55,83,100,5.8,GU,1686003616
231,oppdal,62.5943,9.6912,7.4,86,65,1.68,NO,1686003616
232,stanley,54.868,-1.6985,10.85,86,75,2.06,GB,1686003110
233,upper dir,35.2058,71.8756,16.37,55,0,3.67,PK,1686003616
234,petropavlovsk-kamchatsky,53.0452,158.6483,8.21,76,75,1.0,RU,1686003098
235,hermanus,-34.4187,19.2345,11.7,69,40,1.85,ZA,1686002996
236,edmonton,53.5501,-113.4687,20.25,60,100,4.12,CA,1686003318
237,erdaojiang,41.7764,126.0319,14.09,86,78,1.2,CN,1686003616
238,colac,-38.3333,143.5833,12.87,83,85,4.79,AU,1686003341
239,nema,57.5067,50.5011,8.96,74,34,2.11,RU,1686003134
240,hwacheon,38.1061,127.7067,18.86,83,39,0.76,KR,1686003617
241,st. john's,47.5649,-52.7093,7.93,95,100,3.09,CA,1686003110
242,fort mcmurray,56.7268,-111.381,25.77,65,40,4.12,CA,1686003101
243,robertsport,6.7533,-11.3686,26.98,82,100,4.55,LR,1686003617
244,karatau,43.1667,70.4667,22.55,15,2,3.2,KZ,1686003617
245,saacow,1.6279,42.4407,24.81,85,33,4.76,SO,1686003617
246,nar'yan-mar,67.6713,53.087,4.31,76,98,10.67,RU,1686003143
247,puerto deseado,-47.7503,-65.8938,13.36,55,100,14.71,AR,1686003617
248,vorgashor,67.5833,63.95,7.76,72,11,6.41,RU,1686003118
249,jamestown,42.097,-79.2353,20.57,43,0,4.12,US,1686003024
250,lensk,60.7253,114.9278,7.49,86,100,2.29,RU,1686003561
251,raahe,64.6833,24.4833,9.05,73,7,6.19,FI,1686003403
252,yumbel,-37.0833,-72.5667,13.13,72,100,1.72,CL,1686003618
253,horta,38.5333,-28.6333,17.79,91,100,5.36,PT,1686003103
254,valley center,33.2184,-117.0342,21.78,65,7,1.79,US,1686003618
255,tazovsky,67.4667,78.7,7.92,98,52,4.09,RU,1686003103
256,changji,44.0167,87.3167,24.44,20,0,7.0,CN,1686003102
257,port alfred,-33.5906,26.891,13.71,69,100,3.16,ZA,1686002869
258,gaiman,-43.2897,-65.4929,20.1,22,85,12.41,AR,1686003618
259,bulgan,48.8125,103.5347,12.28,65,42,2.17,MN,1686003618
260,haiku-pauwela,20.9219,-156.3051,28.01,51,40,11.32,US,1686003115
261,yugorsk,61.3133,63.3319,10.73,59,0,2.15,RU,1686003618
262,san antonio de pale,-1.4014,5.6325,25.16,87,85,5.21,GQ,1686003115
263,callao,-12.0667,-77.15,23.16,68,100,6.17,PE,1686003619
264,loralai,30.3705,68.598,21.82,51,0,1.4,PK,1686003619
265,sangueya,10.7,-14.3667,26.8,77,94,2.6,GN,1686003619
266,ma'rib,15.4591,45.3253,28.63,16,4,1.02,YE,1686003619
267,utrik,11.2278,169.8474,27.46,80,96,8.79,MH,1686003120
268,borogontsy,62.6683,131.1683,12.22,57,71,4.4,RU,1686003619
269,cienfuegos,22.1461,-80.4356,29.92,61,30,5.15,CU,1686003619
270,champerico,14.3,-91.9167,32.3,72,100,3.39,GT,1686003619
271,paredon,16.0333,-93.8667,30.99,66,45,3.3,MX,1686003619
272,armacao de buzios,-22.7469,-41.8817,21.09,81,0,3.22,BR,1686003619
273,nova sintra,14.8667,-24.7167,20.73,80,7,1.83,CV,1686003117
274,les anglais,18.3054,-74.2197,29.4,77,22,3.82,HT,1686003620
275,mayya,61.7333,130.2811,12.62,54,83,3.08,RU,1686003620
276,ta`u,-14.2336,-169.5144,27.65,73,66,7.32,AS,1686003620
277,luderitz,-26.6481,15.1594,14.78,50,0,0.74,NA,1686003620
278,shimanovsk,52.0,127.7,11.85,77,99,4.36,RU,1686003620
279,lulea,65.5842,22.1547,8.04,53,0,5.14,SE,1686003620
280,yokadouma,3.5167,15.05,20.45,99,49,0.9,CM,1686003159
281,raciborz,50.0919,18.2193,18.12,81,100,2.31,PL,1686003620
282,remire-montjoly,4.9167,-52.2667,27.02,83,48,2.06,GF,1686003149
283,robstown,27.7903,-97.6689,28.32,68,0,1.54,US,1686003620
284,kavieng,-2.5744,150.7967,28.68,76,47,5.1,PG,1686003620
285,afaahiti,-17.75,-149.2833,28.93,72,39,4.33,PF,1686003100
286,whitehorse,60.7161,-135.0538,15.43,57,100,4.92,CA,1686003134
287,hualien city,23.9769,121.6044,26.97,84,34,3.1,TW,1686003621
288,labytnangi,66.6572,66.4183,9.73,66,71,4.01,RU,1686003150
289,anar darah,32.7587,61.654,27.08,14,6,3.34,AF,1686003621
290,terrace,54.5163,-128.6035,15.95,44,75,6.69,CA,1686003621
291,verkhovazh'ye,60.7472,42.0465,6.89,89,38,3.29,RU,1686003621
292,rwamagana,-1.9487,30.4347,20.69,88,95,1.12,RW,1686003621
293,cidreira,-30.1811,-50.2056,16.18,69,76,2.77,BR,1686003621
294,san luis de la loma,17.2706,-100.8939,30.57,56,4,4.15,MX,1686003622
295,colares,38.7992,-9.4469,21.92,67,0,4.63,PT,1686003622
296,fiambala,-27.6871,-67.6149,17.3,54,2,0.95,AR,1686003622
297,lycksele,64.5954,18.6735,5.93,52,75,4.12,SE,1686003622
298,manismata,-2.4667,111.0333,23.8,96,100,1.1,ID,1686003622
299,shiguai,40.7058,110.2856,15.6,43,5,2.03,CN,1686003622
300,beni,0.5,29.4667,16.66,98,71,0.83,CD,1686003622
301,sodankyla,67.4167,26.6,4.23,79,83,4.25,FI,1686003329
302,iquique,-20.2208,-70.1431,19.02,76,1,1.92,CL,1686003551
303,lupane,-18.9315,27.807,15.38,42,0,1.09,ZW,1686003623
304,debre birhan,9.6833,39.5333,12.05,75,51,1.48,ET,1686003623
305,tobol'sk,58.2,68.2667,14.91,88,1,3.22,RU,1686003601
306,laela,-8.5667,32.05,14.79,75,77,1.27,TZ,1686003623
307,cidade velha,14.9167,-23.6167,23.26,83,0,3.09,CV,1686003623
308,umm kaddadah,13.6017,26.6876,31.72,37,67,8.04,SD,1686003623
309,at taj,24.2049,23.2857,34.04,20,78,2.79,LY,1686003132
310,east london,-33.0153,27.9116,14.19,60,99,2.75,ZA,1686003139
311,jurbarkas,55.0778,22.7664,8.83,82,11,2.22,LT,1686003623
312,gereshk,31.8209,64.5701,30.2,13,12,9.66,AF,1686003623
313,saint-pierre,-21.3393,55.4781,23.65,73,0,1.03,RE,1686003135
314,tanjungtiram,4.0613,98.3699,24.44,87,100,1.57,ID,1686003624
315,siwa oasis,29.2041,25.5195,29.08,26,58,7.74,EG,1686003624
316,praia da vitoria,38.7333,-27.0667,19.14,94,75,7.88,PT,1686003624
317,murudeshwara,14.0943,74.4845,27.98,83,88,2.93,IN,1686003624
318,priob'ye,62.5206,65.5964,11.13,61,0,2.14,RU,1686003624
319,lorengau,-2.0226,147.2712,28.48,78,9,3.54,PG,1686003143
320,roxas,11.5853,122.7511,25.64,85,100,0.88,PH,1686003624
321,jinghong,21.991,100.7341,21.16,98,49,0.28,CN,1686003497
322,hadibu,12.65,54.0333,29.19,76,99,5.28,YE,1686003141
323,chernyshevskiy,63.0128,112.4714,3.88,70,100,3.67,RU,1686003624
324,san patricio,28.017,-97.5169,29.4,53,50,2.65,US,1686003129
325,naze,28.3667,129.4833,23.51,78,80,5.17,JP,1686003624
326,okhotsk,59.3833,143.3,8.63,73,98,2.46,RU,1686003112
327,mount gambier,-37.8333,140.7667,13.22,92,25,4.74,AU,1686003107
328,gomez farias,23.05,-99.15,32.65,44,11,1.86,MX,1686003625
329,nurota,40.5614,65.6886,25.09,13,0,1.91,UZ,1686003625
330,kingston,17.997,-76.7936,30.67,78,20,3.6,JM,1686003142
331,kudahuvadhoo,2.6708,72.8944,28.0,78,100,4.88,MV,1686003100
332,sao joao do paraiso,-15.3136,-42.0144,17.98,43,0,1.74,BR,1686003625
333,mon,26.75,95.1,25.02,55,78,1.34,IN,1686003625
334,harstad,68.799,16.5293,5.66,100,100,6.71,NO,1686003625
335,vila franca do campo,37.7167,-25.4333,18.23,93,100,6.52,PT,1686003102
336,tupiza,-21.45,-65.7167,15.81,22,0,1.2,BO,1686003625
337,simga,21.6333,81.7,31.89,32,8,0.68,IN,1686003625
338,salym,60.0625,71.4789,15.09,96,59,2.11,RU,1686003626
339,mirpur sakro,24.5474,67.6277,27.88,86,15,6.83,PK,1686003626
340,arsk,56.0915,49.8778,10.47,67,96,2.16,RU,1686003626
341,guadalupe,25.6833,-100.25,32.42,48,40,5.14,MX,1686003626
342,watampone,-4.5386,120.3279,25.32,85,72,2.9,ID,1686003626
343,queenstown,-31.8976,26.8753,6.93,41,100,1.55,ZA,1686003626
344,lethem,3.3803,-59.7968,28.14,72,67,1.28,GY,1686003626
345,trondheim,63.4305,10.3951,8.05,93,100,1.24,NO,1686003493
346,zuni pueblo,35.0725,-108.8506,24.35,21,95,6.7,US,1686003626
347,sitia,35.2,26.0986,20.55,82,99,4.32,GR,1686003626
348,egilsstadir,65.2653,-14.3948,7.95,71,75,5.66,IS,1686003125
349,thurso,58.5927,-3.5259,10.14,83,22,0.79,GB,1686003627
350,north bay,46.3168,-79.4663,25.62,36,75,6.17,CA,1686003627
351,pointe aux piments,-20.0628,57.5131,24.31,74,26,8.51,MU,1686003627
352,brookings,44.3114,-96.7984,31.72,39,0,1.54,US,1686002868
353,sao gabriel da cachoeira,-0.1303,-67.0892,26.87,81,48,1.77,BR,1686003153
354,yangjiang,21.85,111.9667,25.15,92,85,3.27,CN,1686003627
355,portland,45.5234,-122.6762,29.24,28,20,7.72,US,1686003118
356,riyadh,24.6877,46.7219,30.08,15,82,2.84,SA,1686003618
357,la ronge,55.1001,-105.2842,32.14,33,75,4.63,CA,1686003111
358,sisimiut,66.9395,-53.6735,1.05,61,21,2.15,GL,1686003101
359,chibougamau,49.9168,-74.3659,18.79,37,100,4.63,CA,1686003124
360,farafangana,-22.8167,47.8333,20.21,91,4,2.55,MG,1686003627
361,lokoja,7.8024,6.743,25.88,84,89,3.32,NG,1686003627
362,faya-largeau,17.9257,19.1043,35.94,17,17,2.9,TD,1686003628
363,tambopata,-12.7333,-69.1833,26.94,78,0,0.0,PE,1686003628
364,galesong,-5.3166,119.3661,23.01,83,29,2.12,ID,1686003142
365,floro,61.5996,5.0328,10.04,81,100,3.09,NO,1686003628
366,nieves,15.3274,120.9485,26.73,89,95,0.66,PH,1686003628
367,moses lake,47.1301,-119.2781,31.38,13,0,3.09,US,1686003628
368,ouesso,1.6136,16.0517,20.76,99,99,0.31,CG,1686003628
369,olonets,60.9847,32.9698,6.43,85,52,2.58,RU,1686003628
370,carutapera,-1.195,-46.02,24.8,91,5,3.04,BR,1686003628
371,waat,51.1454,6.4958,19.32,65,18,3.6,DE,1686003450
372,volchikha,52.0333,80.3833,19.79,67,23,3.19,RU,1686003629
373,talara,-4.5772,-81.2719,27.42,65,40,1.54,PE,1686003629
374,kirakira,-10.4544,161.9205,27.87,75,70,2.33,SB,1686003136
375,huarmey,-10.0681,-78.1522,22.9,75,24,4.78,PE,1686003629
376,piti village,13.4626,144.6933,28.5,83,40,4.63,GU,1686003629
377,hotan,37.0997,79.9269,21.11,27,98,1.56,CN,1686003629
378,atafu village,-8.5421,-172.5159,28.24,75,18,3.26,TK,1686003119
379,shijiazhuang,38.0414,114.4786,20.92,22,12,1.99,CN,1686003629
380,midvagur,62.0511,-7.1939,9.46,93,75,2.57,FO,1686003629
381,coquimbo,-29.9533,-71.3436,14.85,88,20,1.03,CL,1686003079
382,palmer,42.1584,-72.3287,20.78,60,75,3.6,US,1686003114
383,margate,51.3813,1.3862,12.15,76,10,4.47,GB,1686003024
384,trenggalek,-8.05,111.7167,23.61,96,96,1.75,ID,1686003630
385,kyren,51.6828,102.1408,15.15,62,83,0.36,RU,1686003630
386,veinticinco de mayo,-35.4323,-60.1727,11.66,60,89,3.51,AR,1686003630
387,karasburg,-28.0167,18.75,10.0,32,45,4.21,NA,1686003630
388,piton saint-leu,-21.2196,55.3151,23.04,73,0,1.03,RE,1686003630
389,lazaro cardenas,17.9583,-102.2,29.2,65,26,4.53,MX,1686003146
390,launceston,-41.45,147.1667,12.11,89,100,3.09,AU,1686003630
391,waycross,31.2136,-82.354,30.14,53,0,1.54,US,1686003630
392,mulayjah,27.271,48.4242,33.28,17,84,3.73,SA,1686003630
393,cuatro cienegas de carranza,26.9833,-102.0833,31.39,36,2,7.68,MX,1686003630
394,athni,16.7333,75.0667,25.82,66,66,7.92,IN,1686003631
395,namibe,-15.1961,12.1522,19.65,67,5,3.92,AO,1686003147
396,koungou,-12.7336,45.2042,25.84,78,0,3.09,YT,1686003631
397,porto franco,-6.3383,-47.3992,27.53,56,34,0.73,BR,1686003631
398,kalmunai,7.4167,81.8167,27.02,79,80,1.57,LK,1686003631
399,mucumpiz,8.4167,-71.1333,15.39,94,99,1.15,VE,1686003631
400,raffadali,37.4036,13.5331,15.98,73,100,5.1,IT,1686003631
401,leua,48.2156,18.6071,14.84,95,100,1.85,SK,1686003631
402,ajaccio,42.0,8.9167,15.03,88,0,2.57,FR,1686003631
403,anastacio,-20.4836,-55.8069,22.41,66,0,1.72,BR,1686003631
404,yomju-up,39.8933,124.5981,16.15,95,100,3.32,KP,1686003632
405,thoen,17.6129,99.2161,25.04,91,100,0.88,TH,1686003632
406,kyotera,-0.6156,31.5175,19.06,75,97,0.98,UG,1686003632
407,pitimbu,-7.4706,-34.8086,25.33,80,29,4.51,BR,1686003632
408,kone,-21.0595,164.8658,23.03,70,96,3.73,NC,1686003117
409,nova vicosa,-17.8919,-39.3719,22.7,68,14,2.66,BR,1686003632
410,feltre,46.0235,11.907,16.75,73,100,1.18,IT,1686003601
411,togitsu,32.8333,129.85,16.99,94,75,5.66,JP,1686003632
412,nizhniy kuranakh,58.8353,125.4869,8.06,68,77,1.41,RU,1686003632
413,kralendijk,12.15,-68.2667,29.99,74,20,8.23,BQ,1686003389
414,lescar,43.3333,-0.4167,18.97,88,0,2.57,FR,1686003633
415,villa gesell,-37.2639,-56.973,8.36,65,72,4.15,AR,1686003633
416,dudinka,69.4058,86.1778,8.68,56,100,2.44,RU,1686003108
417,arno,60.1167,18.6333,9.43,85,58,3.1,SE,1686003113
418,inirida,3.8653,-67.9239,25.67,95,87,1.22,CO,1686003633
419,kruisfontein,-34.0033,24.7314,10.01,72,100,1.93,ZA,1686003633
420,mezhdurechenskiy,59.6,65.9333,12.31,48,1,1.88,RU,1686003633
421,lubango,-14.9172,13.4925,14.84,39,1,1.57,AO,1686003633
422,zyrya,40.3661,50.2917,23.05,80,93,8.66,AZ,1686003633
423,lashio,22.9333,97.75,20.18,90,5,0.44,MM,1686003634
424,camargo,27.6667,-105.1667,32.38,18,34,2.73,MX,1686003634
425,goure,13.9835,10.2704,34.45,27,88,1.12,NE,1686003634
426,salavan,15.7167,106.4167,22.74,98,100,0.99,LA,1686003634
427,ulladulla,-35.35,150.4667,13.24,78,98,2.16,AU,1686003634
428,palu,-0.8917,119.8707,23.89,97,97,1.29,ID,1686003634
429,geraldton,-28.7667,114.6,16.23,67,40,9.26,AU,1686003634
430,tyup,42.7276,78.3648,11.69,53,16,1.42,KG,1686003634
431,borgarnes,64.5383,-21.9206,7.67,70,99,2.94,IS,1686003635
432,el alto,-4.2714,-81.2147,25.81,76,44,5.3,PE,1686003635
433,tofol,5.3248,163.0078,28.88,74,75,1.54,FM,1686003635
434,nha trang,12.25,109.1833,26.0,87,90,2.61,VN,1686003635
435,luena,-11.7833,19.9167,14.85,37,1,1.46,AO,1686003635
436,hanceville,34.0607,-86.7675,31.61,48,94,1.96,US,1686003635
437,acarau,-2.8856,-40.12,26.27,80,15,5.89,BR,1686003130
438,lautoka,-17.6167,177.4667,25.92,73,75,1.54,FJ,1686003635
439,moranbah,-22.0016,148.0466,16.82,92,52,7.53,AU,1686003635
440,snowflake,34.5134,-110.0785,29.96,13,100,11.46,US,1686003636
441,khilok,51.3674,110.4676,12.42,89,99,6.3,RU,1686003636
442,berezovyy,51.6667,135.7,15.99,64,89,0.56,RU,1686003636
443,leskovac,42.9981,21.9461,20.77,91,75,1.49,RS,1686003636
444,hauterive,46.0901,3.4459,16.42,78,74,0.18,FR,1686003636
445,isoka,-10.1606,32.6335,14.85,87,9,0.83,ZM,1686003636
446,ujae,8.9322,165.7642,28.36,79,48,6.42,MH,1686003100
447,bel ombre,-4.6167,55.4167,27.91,78,40,5.66,SC,1686003636
448,glace bay,46.1969,-59.957,7.86,97,100,6.17,CA,1686003636
449,mejit,10.2753,170.8646,27.71,81,99,8.31,MH,1686003104
450,hastings,50.8552,0.5729,12.21,38,0,7.55,GB,1686003637
451,plettenberg bay,-34.0527,23.3716,11.93,66,100,1.81,ZA,1686003637
452,stassfurt,51.8396,11.58,18.27,48,100,2.99,DE,1686003637
453,touros,-5.1989,-35.4608,25.67,79,39,5.31,BR,1686003112
454,talcahuano,-36.7167,-73.1167,12.82,88,75,1.03,CL,1686003353
455,zhangjiakou,40.81,114.8794,17.45,35,0,2.05,CN,1686003637
456,peace river,56.2501,-117.286,14.17,54,100,2.06,CA,1686003127
457,al muwayh,22.4333,41.7583,27.42,39,96,3.78,SA,1686003637
458,hilo,19.7297,-155.09,29.04,72,0,5.14,US,1686003142
459,cooma,-36.2333,149.1333,7.14,97,100,1.55,AU,1686003637
460,gjovik,60.7947,10.6929,11.54,79,40,0.68,NO,1686003637
461,lerwick,60.1545,-1.1494,10.0,72,100,3.18,GB,1686003089
462,palavas-les-flots,43.528,3.9271,20.05,88,0,1.03,FR,1686003638
463,burang,30.25,81.1667,1.64,84,96,2.01,CN,1686003638
464,tromso,69.6496,18.957,6.01,75,75,2.57,NO,1686002880
465,bowen,-20.0167,148.2333,20.99,85,11,6.28,AU,1686003151
466,guayanilla,18.0191,-66.7918,31.23,82,3,0.45,PR,1686003638
467,lukolela,-1.0605,17.1821,20.79,99,100,1.58,CD,1686003638
468,north bend,43.4065,-124.2243,21.62,63,0,13.38,US,1686003638
469,prineville,44.2999,-120.8345,30.25,25,40,3.09,US,1686003638
470,langsa,4.4683,97.9683,23.53,96,100,0.89,ID,1686003639
471,coronel suarez,-37.4547,-61.9334,9.79,44,93,3.75,AR,1686003639
472,magistral'nyy,56.1725,107.4458,10.18,87,96,5.01,RU,1686003639
473,gagliano del capo,39.8442,18.3695,20.45,77,100,1.2,IT,1686003639
474,bilokurakyne,49.5341,38.7307,9.07,78,3,2.69,UA,1686003639
475,uturoa,-16.7333,-151.4333,26.7,70,1,3.41,PF,1686003109
476,murmashi,68.8154,32.8115,3.23,100,75,5.0,RU,1686003639
477,muang phonsavan,19.45,103.2167,18.75,99,100,0.65,LA,1686003639
478,la spezia,44.1105,9.8434,19.29,84,52,1.99,IT,1686003439
479,waingapu,-9.6567,120.2641,23.5,88,28,1.9,ID,1686003639
480,ngama,11.7833,17.1667,32.13,49,79,4.57,TD,1686003438
481,taroudant,30.4703,-8.877,19.62,74,95,2.28,MA,1686003640
482,lithgow,-33.4833,150.15,7.58,88,100,0.99,AU,1686003640
483,broken hill,-31.95,141.4333,12.26,84,0,2.98,AU,1686003132
484,sierra grande,-41.606,-65.3557,15.5,25,93,8.94,AR,1686003640
485,malango,-2.9627,119.9001,19.33,98,93,0.73,ID,1686003640
486,pattani,6.75,100.4167,25.84,86,100,2.14,TH,1686003640
487,midelt,32.6852,-4.7451,17.14,72,100,1.16,MA,1686003640
488,springs,-26.25,28.4,11.9,28,0,1.42,ZA,1686003640
489,bandarbeyla,9.4942,50.8122,27.34,84,100,11.28,SO,1686003641
490,mount pearl,47.5166,-52.7813,7.47,95,100,3.09,CA,1686003641
491,ete,7.05,7.45,23.08,94,99,3.6,NG,1686003641
492,kristiansund,63.1115,7.732,9.36,81,100,4.12,NO,1686003641
493,erenhot,43.6475,111.9767,17.22,26,12,3.63,CN,1686003641
494,ixtapa,20.7,-105.2,29.57,65,20,6.69,MX,1686003641
495,korla,41.7597,86.1469,23.36,26,5,3.47,CN,1686003112
496,escarcega,18.6089,-90.7454,36.26,39,52,4.94,MX,1686003641
497,norilsk,69.3535,88.2027,8.57,71,100,3.72,RU,1686003641
498,round rock,30.5083,-97.6789,30.55,67,40,2.06,US,1686003642
499,mvurwi,-17.0333,30.85,13.23,40,0,1.52,ZW,1686003642
500,ola,59.5833,151.2833,11.19,63,91,1.69,RU,1686003642
501,dombarovskiy,50.7587,59.5386,21.25,57,6,3.46,RU,1686003642
502,konotop,51.2403,33.2026,13.56,62,98,1.46,UA,1686003425
503,dul'durga,50.6761,113.5931,11.11,73,100,4.38,RU,1686003642
504,pecanha,-18.5486,-42.5569,15.25,67,81,1.84,BR,1686003642
505,luanda,-8.8368,13.2343,24.0,69,75,2.57,AO,1686003642
506,quellon,-43.1167,-73.6167,12.14,82,75,5.66,CL,1686003108
507,bridgewater,44.3835,-64.5155,11.73,99,100,4.12,CA,1686003103
508,yung shue wan,22.2333,114.1167,29.26,83,22,0.45,HK,1686003643
509,lala,7.9745,123.7458,23.55,98,100,0.25,PH,1686003643
510,maintirano,-18.0667,44.0167,22.32,76,0,2.68,MG,1686003643
511,dickinson,29.4608,-95.0513,24.47,86,75,4.12,US,1686003643
512,novoishimskiy,53.1981,66.7694,21.06,59,2,3.52,KZ,1686003643
513,tobruk,32.0836,23.9764,21.19,72,88,5.67,LY,1686003643
514,ziway,7.9333,38.7167,18.51,79,68,2.02,ET,1686003643
515,trapani,37.8333,12.6667,19.04,82,0,1.54,IT,1686003643
516,joshimath,30.5667,79.5667,14.49,74,75,2.72,IN,1686003643
517,serhiyivka,46.0272,30.3768,17.34,58,0,3.68,UA,1686003644
518,marco,25.9726,-81.729,31.01,67,0,4.63,US,1686003413
519,isla mujeres,21.2311,-86.731,29.03,77,27,4.35,MX,1686003644
520,puerto lempira,15.2667,-83.7667,32.08,66,40,4.63,HN,1686003145
521,hami,42.8,93.45,20.23,36,0,1.56,CN,1686003100
522,buka,40.8108,69.1986,23.81,20,3,1.61,UZ,1686003146
523,bubaque,11.2833,-15.8333,27.54,71,100,6.94,GW,1686003644
524,lib,8.3122,167.3766,28.51,78,27,7.62,MH,1686003644
525,meadow lakes,61.6247,-149.6011,21.64,44,20,2.06,US,1686003644
526,figuig (centre),32.1089,-1.2286,23.62,45,92,3.22,MA,1686003644
527,saugus,42.4648,-71.01,16.17,88,75,3.09,US,1686003644
528,camiri,-20.05,-63.5167,23.88,57,75,0.0,BO,1686003645
529,lammi,61.0833,25.0167,6.24,74,22,2.49,FI,1686003645
530,sao vicente,-23.9631,-46.3919,22.21,26,28,0.41,BR,1686003155
531,patao,11.2202,123.6925,28.51,75,100,3.87,PH,1686003645
532,villa angela,-27.5738,-60.7153,20.84,84,50,2.1,AR,1686003645
533,nagqu,31.5,92.0,2.89,80,78,1.06,CN,1686003128
534,hirara,24.8,125.2833,26.15,89,75,4.63,JP,1686003645
535,santa marta,11.2408,-74.199,31.03,70,75,3.6,CO,1686003645
536,dubbo,-32.25,148.6167,12.07,87,100,6.17,AU,1686003123
537,gap,44.6667,6.0,6.57,94,19,0.8,FR,1686003646
538,kachug,53.9606,105.8817,14.05,81,95,4.63,RU,1686003646
539,thies nones,14.7833,-16.9667,24.03,83,0,3.09,SN,1686003646
540,new martinsville,39.6445,-80.8576,23.84,30,26,3.11,US,1686003646
541,tazacorte,28.629,-17.9293,23.54,91,75,3.6,ES,1686003646
542,frantiskovy lazne,50.1203,12.3517,14.06,85,80,2.86,CZ,1686003646
543,shchyolkino,45.4291,35.8223,18.32,68,7,7.82,UA,1686003646
544,mandi,31.7167,76.9167,17.52,63,100,2.76,IN,1686003646
545,mendi,-6.1761,143.6513,14.17,90,93,1.01,PG,1686003646
546,manakara,-22.1333,48.0167,19.41,94,12,2.0,MG,1686003646
547,sunne,59.8376,13.143,14.23,77,0,1.08,SE,1686003647
548,vallenar,-28.5708,-70.7581,19.23,48,23,1.74,CL,1686003647
549,levuka,50.1834,-105.4011,32.84,31,20,7.2,CA,1686003160
550,coronel oviedo,-25.4167,-56.45,20.1,76,9,2.1,PY,1686003647
551,puerto santa,-8.9906,-78.6456,22.77,78,90,5.16,PE,1686003647
552,villazon,-22.0866,-65.5942,10.81,31,0,2.6,BO,1686003647
553,edson,53.5835,-116.4356,17.06,51,100,3.6,CA,1686003443
554,tullamarine,-37.7013,144.881,15.39,84,75,6.17,AU,1686003647
555,sandnessjoen,66.0217,12.6316,4.29,69,100,2.14,NO,1686003142
556,cockburn town,21.4612,-71.1419,28.78,76,5,2.32,TC,1686003121
557,luba,3.4568,8.5547,26.6,84,98,3.89,GQ,1686003162
558,colonia,50.9333,6.95,19.36,54,0,0.51,DE,1686003142
559,nizhneangarsk,55.7833,109.55,5.44,94,96,0.33,RU,1686003648
560,pasuquin,18.3328,120.6177,25.97,94,75,1.54,PH,1686003648
561,mahina,-17.5065,-149.489,29.87,58,20,2.06,PF,1686003154
562,tindouf,27.6711,-8.1474,27.25,34,40,9.26,DZ,1686003140
563,shanting,35.0753,117.4578,17.39,87,0,1.29,CN,1686003648
564,marabba,12.35,32.1833,27.07,66,98,1.4,SD,1686003648
565,tiznit,29.5833,-9.5,18.11,73,92,1.52,MA,1686003648
566,richards bay,-28.783,32.0377,17.32,60,72,1.01,ZA,1686003648
567,igarka,67.4667,86.5833,10.73,57,97,3.6,RU,1686003649
568,newtownards,54.5924,-5.6909,14.97,77,10,1.03,GB,1686003649
569,vanimo,-2.6741,141.3028,26.64,84,90,2.68,PG,1686003649
570,extrema,-22.8547,-46.3183,13.2,84,2,1.26,BR,1686003649
571,castillos,-34.1667,-53.8333,9.76,80,55,0.99,UY,1686003649
572,new norfolk,-42.7826,147.0587,8.17,96,93,1.16,AU,1686003115
573,corumba,-19.0092,-57.6533,25.18,53,15,1.32,BR,1686003649
574,gouyave,12.1646,-61.7296,28.43,79,40,6.17,GD,1686003649
575,hasaki,35.7333,140.8333,21.27,83,100,6.28,JP,1686003135
576,ishigaki,24.3448,124.1572,26.07,94,75,5.66,JP,1686003650
577,opuwo,-18.0607,13.84,16.59,25,0,2.59,NA,1686003650
578,nouadhibou,20.931,-17.0347,20.99,94,0,5.14,MR,1686003650
579,cruzeiro do sul,-29.5128,-51.9853,16.94,86,94,0.7,BR,1686003650
580,bileca,42.8719,18.4297,17.94,80,100,1.01,BA,1686003650
